   0, 322.050934
   1, 321.805908
   2, 321.980774
   3, 321.495392
   4, 321.543030
   5, 321.813141
   6, 321.905823
   7, 321.645660
   8, 321.589111
   9, 322.245636
  10, 322.285950
  11, 322.833160
  12, 322.201233
  13, 322.188141
  14, 321.674438
  15, 321.758240
  16, 321.879120
  17, 321.348236
  18, 321.789673
  19, 321.704285
  20, 321.419006
  21, 322.030029
  22, 321.817383
  23, 322.777100
  24, 322.139343
  25, 322.199615
  26, 321.834656
  27, 321.593353
  28, 321.017334
  29, 321.011047
  30, 320.795837
  31, 320.353973
  32, 320.384460
  33, 322.220032
  34, 322.593994
  35, 322.563477
  36, 322.006378
  37, 322.387024
  38, 322.452454
  39, 322.266113
  40, 322.233124
  41, 322.043610
  42, 322.087494
  43, 321.868195
  44, 321.873444
  45, 323.234161
  46, 323.018982
  47, 322.723816
  48, 322.469757
  49, 322.228851
  50, 322.268799
  51, 322.734131
  52, 322.480103
  53, 322.237274
  54, 321.888519
  55, 321.544067
  56, 321.495880
  57, 322.801697
  58, 322.915894
  59, 322.844147
  60, 322.114288
  61, 322.056702
  62, 321.891205
  63, 321.577576
  64, 321.605835
  65, 322.012695
  66, 321.525177
  67, 321.729370
  68, 321.502716
  69, 323.010620
  70, 322.665588
  71, 322.567169
  72, 322.235291
  73, 324.184448
  74, 322.740509
  75, 323.442596
  76, 326.771576
  77, 322.417450
  78, 322.982880
  79, 322.802246
  80, 322.398041
  81, 323.160522
  82, 322.946594
  83, 323.267181
  84, 323.104919
  85, 322.932007
  86, 322.675018
  87, 322.520538
  88, 323.061401
  89, 322.634125
  90, 322.897003
  91, 323.093964
  92, 322.893372
  93, 320.472809
  94, 324.778259
  95, 324.663513
  96, 324.906616
  97, 325.008667
  98, 324.664703
  99, 324.879852
 100, 324.723755
 101, 324.331635
 102, 324.302826
 103, 324.276764
 104, 324.030029
 105, 323.740479
 106, 324.047363
 107, 324.251007
 108, 324.072479
 109, 323.824280
 110, 324.246307
 111, 323.611725
 112, 323.572998
 113, 323.747375
 114, 323.925323
 115, 323.334198
 116, 323.309113
 117, 324.425415
 118, 324.689758
 119, 323.814850
 120, 323.709076
 121, 324.311829
 122, 323.924316
 123, 323.834198
 124, 324.030640
 125, 323.967255
 126, 324.001801
 127, 324.044739
 128, 323.535309
 129, 325.164581
 130, 324.536316
 131, 325.284058
 132, 324.983032
 133, 324.602753
 134, 324.339935
 135, 324.355225
 136, 324.665222
 137, 325.074615
 138, 324.371948
 139, 324.059387
 140, 323.891846
 141, 325.258881
 142, 325.226532
 143, 324.943146
 144, 325.115479
 145, 325.550537
 146, 325.478882
 147, 325.150574
 148, 325.433289
 149, 330.228882
 150, 325.338043
 151, 325.239014
 152, 325.232666
 153, 325.995117
 154, 326.435333
 155, 325.807617
 156, 326.168396
 157, 326.339050
 158, 326.815063
 159, 326.327515
 160, 325.965790
 161, 325.140594
 162, 325.420135
 163, 325.401917
 164, 325.058472
 165, 325.200287
 166, 325.027466
 167, 325.555878
 168, 325.198669
 169, 325.554749
 170, 325.694641
 171, 325.347473
 172, 325.306671
 173, 325.536438
 174, 325.120209
 175, 325.032837
 176, 325.549622
 177, 327.213959
 178, 326.885162
 179, 326.932739
 180, 326.853729
 181, 326.897797
 182, 326.957489
 183, 326.649536
 184, 327.116028
 185, 326.237000
 186, 326.193542
 187, 326.984131
 188, 325.907684
 189, 325.009247
 190, 326.421326
 191, 326.077728
 192, 325.770416
 193, 325.870514
 194, 325.541687
 195, 325.590393
 196, 326.119751
 197, 325.629700
 198, 325.972626
 199, 325.485596
 200, 325.858490
 201, 327.087250
 202, 326.835449
 203, 326.377899
 204, 326.351685
 205, 326.656403
 206, 326.534363
 207, 326.205505
 208, 326.297302
 209, 326.086731
 210, 325.863770
 211, 326.088287
 212, 325.471008
 213, 326.064667
 214, 326.966827
 215, 326.463776
 216, 326.715027
 217, 326.776825
 218, 326.866791
 219, 326.931854
 220, 326.612396
 221, 326.500854
 222, 325.677368
 223, 326.384644
 224, 326.080872
 225, 326.939056
 226, 326.877930
 227, 326.698242
 228, 325.886688
 229, 326.495178
 230, 326.616577
 231, 326.661102
 232, 326.360657
 233, 325.883575
 234, 325.764740
 235, 325.989960
 236, 326.541687
 237, 327.062256
 238, 327.889984
 239, 327.383209
 240, 327.661652
 241, 327.304138
 242, 327.297272
 243, 326.934967
 244, 327.161652
 245, 326.951080
 246, 326.803925
 247, 327.124451
 248, 327.328644
 249, 327.907318
 250, 327.934937
 251, 327.477264
 252, 329.134552
 253, 327.286865
 254, 327.120758
 255, 327.712524
 256, 327.179504
 257, 327.212555
 258, 327.264862
 259, 326.952698
 260, 327.019836
 261, 327.583740
 262, 327.461731
 263, 327.456970
 264, 327.537598
 265, 327.332367
 266, 326.973724
 267, 326.700378
 268, 327.028717
 269, 326.887787
 270, 326.754242
 271, 326.304535
 272, 326.802490
 273, 328.166473
 274, 328.445496
 275, 328.596222
 276, 328.227234
 277, 327.882080
 278, 327.906708
 279, 328.023407
 280, 327.990479
 281, 328.281677
 282, 327.648651
 283, 327.759064
 284, 327.887329
 285, 326.774780
 286, 328.790588
 287, 328.673187
 288, 328.917786
 289, 328.793701
 290, 328.617218
 291, 328.765839
 292, 328.438660
 293, 328.747559
 294, 328.098328
 295, 328.145538
 296, 328.137634
 297, 328.230255
 298, 328.684296
 299, 328.423035
 300, 328.283112
 301, 328.388947
 302, 327.952698
 303, 328.151245
 304, 327.696228
 305, 328.264343
 306, 328.011383
 307, 327.063141
 308, 326.997711
 309, 328.332886
 310, 328.897339
 311, 329.070160
 312, 329.409363
 313, 329.508362
 314, 330.043518
 315, 329.918396
 316, 329.745605
 317, 329.930817
 318, 329.649780
 319, 329.884888
 320, 329.677582
 321, 329.187408
 322, 329.334625
 323, 329.355499
 324, 329.673798
 325, 328.894287
 326, 328.815155
 327, 329.251251
 328, 329.120911
 329, 329.761841
 330, 331.226257
 331, 329.837799
 332, 329.007843
 333, 329.257111
 334, 328.960632
 335, 329.213989
 336, 329.015198
 337, 329.089600
 338, 328.746063
 339, 329.079620
 340, 328.451202
 341, 328.426147
 342, 328.297913
 343, 328.916718
 344, 328.950867
 345, 330.354584
 346, 330.398499
 347, 330.335022
 348, 329.740753
 349, 330.418945
 350, 329.984283
 351, 329.847717
 352, 329.482758
 353, 329.830322
 354, 329.976929
 355, 329.865479
 356, 330.453979
 357, 329.400024
 358, 330.175476
 359, 329.672668
 360, 330.485901
 361, 330.250366
 362, 329.881744
 363, 330.380127
 364, 330.219391
 365, 330.230438
 366, 330.354034
 367, 330.305817
 368, 330.197998
 369, 330.832520
 370, 330.301147
 371, 330.078156
 372, 331.964081
 373, 330.542969
 374, 329.692200
 375, 329.274353
 376, 329.540344
 377, 329.635071
 378, 329.209991
 379, 328.902466
 380, 328.789001
 381, 325.954254
 382, 330.332520
 383, 330.487427
 384, 330.423615
 385, 329.957153
 386, 330.458801
 387, 330.300568
 388, 330.834045
 389, 330.235657
 390, 329.704773
 391, 330.266998
 392, 330.428406
 393, 330.606323
 394, 330.611145
 395, 330.235168
 396, 329.841003
 397, 330.220612
 398, 330.292267
 399, 329.932587
 400, 330.078125
 401, 330.095917
 402, 330.161896
 403, 330.047180
 404, 330.111023
 405, 331.258759
 406, 331.138397
 407, 331.008453
 408, 330.991730
 409, 335.058441
 410, 331.159180
 411, 331.900665
 412, 331.283844
 413, 331.136292
 414, 330.617950
 415, 330.632477
 416, 331.485931
 417, 330.832062
 418, 331.487640
 419, 331.197479
 420, 331.325287
 421, 331.539978
 422, 331.801849
 423, 331.134674
 424, 331.400665
 425, 331.433197
 426, 331.244110
 427, 331.367767
 428, 331.660797
 429, 331.477661
 430, 331.819580
 431, 332.033783
 432, 332.267212
 433, 331.639404
 434, 332.070892
 435, 332.448364
 436, 332.129425
 437, 331.971436
 438, 332.791809
 439, 331.782410
 440, 331.929565
 441, 332.273499
 442, 332.222198
 443, 331.915894
 444, 331.478790
 445, 331.484497
 446, 331.758331
 447, 331.424835
 448, 331.402771
 449, 331.622711
 450, 332.820618
 451, 332.258728
 452, 331.941956
 453, 333.333252
 454, 333.524750
 455, 333.311798
 456, 333.395020
 457, 333.128510
 458, 333.237335
 459, 333.334778
 460, 333.479370
 461, 332.737366
 462, 332.976685
 463, 333.492950
 464, 333.402313
 465, 333.666260
 466, 333.641632
 467, 333.828125
 468, 334.114471
 469, 333.906708
 470, 333.860474
 471, 333.566833
 472, 333.847900
 473, 333.871521
 474, 333.901398
 475, 333.604401
 476, 333.307983
 477, 327.203613
 478, 333.389160
 479, 334.813354
 480, 335.180450
 481, 335.258453
 482, 335.280457
 483, 334.557404
 484, 334.212799
 485, 333.945831
 486, 334.408325
 487, 334.142273
 488, 334.698792
 489, 335.137451
 490, 335.934479
 491, 335.351746
 492, 335.283539
 493, 335.692413
 494, 335.194519
 495, 335.212860
 496, 335.199829
 497, 335.249542
 498, 335.504578
 499, 335.424896
 500, 335.262146
 501, 335.435486
 502, 336.293579
 503, 335.575714
 504, 336.332916
 505, 336.150604
 506, 336.166901
 507, 336.237091
 508, 335.527008
 509, 335.833893
 510, 336.494080
 511, 336.285858
 512, 336.257446
 513, 336.496185
 514, 336.248566
 515, 336.579956
 516, 336.441223
 517, 336.703491
 518, 336.885345
 519, 336.529724
 520, 336.635498
 521, 336.426025
 522, 336.707214
 523, 337.070557
 524, 336.496246
 525, 336.622467
 526, 336.580475
 527, 337.064880
 528, 336.984192
 529, 336.473663
 530, 337.083191
 531, 337.069092
 532, 337.530304
 533, 337.527588
 534, 337.708344
 535, 337.521942
 536, 337.845001
 537, 337.306244
 538, 337.873718
 539, 338.449158
 540, 338.083282
 541, 337.911530
 542, 337.823486
 543, 338.265930
 544, 338.290131
 545, 339.111511
 546, 338.955505
 547, 338.738159
 548, 339.590607
 549, 339.360352
 550, 339.382721
 551, 339.734711
 552, 339.460785
 553, 339.215820
 554, 339.910065
 555, 340.190796
 556, 339.711639
 557, 340.340576
 558, 340.903381
 559, 340.686951
 560, 340.829437
 561, 340.786072
 562, 342.862091
 563, 339.951935
 564, 339.996307
 565, 339.890167
 566, 339.708893
 567, 339.277466
 568, 338.917419
 569, 339.172974
 570, 329.079010
 571, 338.080139
 572, 338.222992
 573, 338.158081
 574, 338.137726
 575, 338.081604
 576, 338.808472
 577, 338.039703
 578, 338.031952
 579, 338.360809
 580, 338.101593
 581, 338.370605
 582, 338.162903
 583, 340.032684
 584, 338.452942
 585, 338.686401
 586, 338.372314
 587, 338.232483
 588, 338.295868
 589, 338.305298
 590, 338.154999
 591, 338.499023
 592, 338.097961
 593, 338.431885
 594, 338.351959
 595, 338.246582
 596, 337.989929
 597, 338.572235
 598, 338.307281
 599, 339.350830
 600, 337.915649
 601, 338.159790
 602, 338.052368
 603, 337.980133
 604, 338.247589
 605, 338.474915
 606, 337.804718
 607, 338.504761
 608, 338.147583
 609, 337.619904
 610, 337.597351
 611, 337.589966
 612, 337.618408
 613, 347.306274
 614, 338.000519
 615, 338.396301
 616, 338.522980
 617, 338.687500
 618, 336.804596
 619, 337.032837
 620, 337.741943
 621, 337.736145
 622, 338.019928
 623, 337.914063
 624, 338.497253
 625, 338.104187
 626, 338.127808
 627, 338.194305
 628, 337.713074
 629, 337.771637
 630, 338.842407
 631, 338.161804
 632, 337.924561
 633, 338.758606
 634, 338.581635
 635, 338.872314
 636, 339.059814
 637, 339.674866
 638, 339.319519
 639, 339.193695
 640, 339.777100
 641, 339.294830
 642, 339.593323
 643, 339.663635
 644, 339.229309
 645, 339.124146
 646, 339.251862
 647, 339.520905
 648, 339.596313
 649, 339.675934
 650, 339.476501
 651, 339.657623
 652, 339.712158
 653, 339.892853
 654, 339.657227
 655, 339.432037
 656, 339.345734
 657, 339.082184
 658, 339.257690
 659, 340.063538
 660, 340.325226
 661, 341.168274
 662, 340.153107
 663, 340.184387
 664, 340.128357
 665, 340.725311
 666, 332.875549
 667, 340.201141
 668, 339.610596
 669, 339.658813
 670, 339.792816
 671, 339.742035
 672, 339.513062
 673, 340.183929
 674, 340.362885
 675, 340.448822
 676, 341.240082
 677, 341.230072
 678, 340.216309
 679, 339.480713
 680, 339.939880
 681, 339.617828
 682, 339.822144
 683, 339.494324
 684, 340.081818
 685, 340.488098
 686, 340.483429
 687, 341.515411
 688, 340.540436
 689, 340.387146
 690, 340.918518
 691, 340.633148
 692, 340.585510
 693, 341.399231
 694, 340.706848
 695, 340.505981
 696, 342.161499
 697, 341.020599
 698, 341.484528
 699, 340.807373
 700, 341.795074
 701, 341.667206
 702, 342.022369
 703, 341.560944
 704, 341.478760
 705, 342.099304
 706, 342.245789
 707, 343.194550
 708, 343.342224
 709, 342.278137
 710, 342.325928
 711, 342.410187
 712, 342.700897
 713, 342.989349
 714, 343.559967
 715, 343.815399
 716, 343.751129
 717, 344.274353
 718, 344.669891
 719, 344.636017
 720, 345.073700
 721, 345.269592
 722, 345.057556
 723, 345.164764
 724, 345.181183
 725, 344.860596
 726, 345.055420
 727, 345.180969
 728, 345.286285
 729, 345.205109
 730, 344.387817
 731, 343.769379
 732, 343.685638
 733, 343.622345
 734, 343.790497
 735, 343.908142
 736, 343.661713
 737, 343.887268
 738, 343.916138
 739, 343.507141
 740, 343.823853
 741, 343.395142
 742, 343.749115
 743, 344.232819
 744, 344.510254
 745, 344.277863
 746, 344.579407
 747, 345.035950
 748, 344.785217
 749, 344.851654
 750, 344.952271
 751, 344.882690
 752, 344.826569
 753, 344.993561
 754, 345.096741
 755, 345.643372
 756, 345.528198
 757, 345.785675
 758, 345.789917
 759, 350.521545
 760, 345.297760
 761, 345.880493
 762, 333.865753
 763, 344.937561
 764, 344.752747
 765, 344.837036
 766, 344.289429
 767, 344.769531
 768, 347.136627
 769, 344.752197
 770, 344.851166
 771, 345.081451
 772, 345.107208
 773, 344.862671
 774, 345.341309
 775, 345.285370
 776, 345.247467
 777, 344.936523
 778, 345.507172
 779, 345.171661
 780, 345.116211
 781, 345.550140
 782, 345.363190
 783, 345.283661
 784, 345.815063
 785, 345.418762
 786, 345.660614
 787, 345.490479
 788, 345.219818
 789, 345.462769
 790, 345.707245
 791, 345.733398
 792, 345.551208
 793, 345.564819
 794, 345.586823
 795, 345.884644
 796, 346.612610
 797, 346.416748
 798, 346.203613
 799, 346.219269
 800, 345.876892
 801, 346.011505
 802, 346.299927
 803, 346.065277
 804, 346.050232
 805, 345.954895
 806, 346.334991
 807, 346.773346
 808, 346.392120
 809, 346.475861
 810, 346.025574
 811, 346.198883
 812, 346.472778
 813, 346.231812
 814, 346.200989
 815, 346.870148
 816, 346.860229
 817, 346.571808
 818, 346.700409
 819, 346.215698
 820, 345.936035
 821, 346.349731
 822, 345.726593
 823, 345.564270
 824, 346.108459
 825, 345.707825
 826, 345.798492
 827, 346.084259
 828, 346.043976
 829, 346.186798
 830, 346.087982
 831, 346.764404
 832, 346.883698
 833, 346.524536
 834, 346.755920
 835, 346.737579
 836, 346.792664
 837, 346.828735
 838, 346.590607
 839, 346.926147
 840, 347.183197
 841, 347.497345
 842, 347.635162
 843, 347.023529
 844, 346.985901
 845, 346.307281
 846, 346.024475
 847, 346.344879
 848, 346.922455
 849, 347.086426
 850, 347.106750
 851, 347.758698
 852, 347.303009
 853, 347.730469
 854, 347.508972
 855, 347.663879
 856, 347.809387
 857, 348.019958
 858, 342.282959
 859, 347.367035
 860, 346.870728
 861, 347.403687
 862, 347.638184
 863, 348.227753
 864, 348.111572
 865, 348.102142
 866, 347.597443
 867, 348.024048
 868, 348.012634
 869, 347.782196
 870, 346.645447
 871, 347.409485
 872, 346.485931
 873, 346.966003
 874, 348.065491
 875, 347.992706
 876, 348.116852
 877, 348.056671
 878, 348.406891
 879, 348.672302
 880, 348.083282
 881, 348.358215
 882, 349.416443
 883, 348.308472
 884, 348.675995
 885, 349.024689
 886, 348.674438
 887, 349.016357
 888, 349.689209
 889, 349.358215
 890, 349.480164
 891, 349.694397
 892, 349.573486
 893, 349.918030
 894, 349.592224
 895, 349.701294
 896, 349.957275
 897, 350.052948
 898, 349.543640
 899, 349.534180
 900, 350.655670
 901, 349.080231
 902, 349.543152
 903, 350.009613
 904, 349.563995
 905, 349.812836
 906, 349.850952
 907, 349.890717
 908, 349.874481
 909, 350.714386
 910, 351.220764
 911, 350.917938
 912, 350.768799
 913, 351.153717
 914, 350.893341
 915, 351.363647
 916, 350.742096
 917, 350.952606
 918, 350.356201
 919, 350.511169
 920, 350.636292
 921, 350.824371
 922, 350.436310
 923, 351.302887
 924, 350.829468
 925, 351.713470
 926, 351.464081
 927, 352.030121
 928, 352.108124
 929, 351.612244
 930, 350.828522
 931, 350.215393
 932, 349.968292
 933, 350.487122
 934, 350.627991
 935, 350.172455
 936, 350.598114
 937, 350.253601
 938, 350.526337
 939, 350.775116
 940, 350.843628
 941, 351.177673
 942, 350.752075
 943, 350.420013
 944, 350.503326
 945, 350.651611
 946, 350.982544
 947, 351.884613
 948, 351.953247
 949, 352.140686
 950, 351.775024
 951, 352.373627
 952, 352.221344
 953, 351.982483
 954, 343.057861
 955, 351.024414
 956, 350.524323
 957, 351.379395
 958, 351.441559
 959, 351.860474
 960, 351.758392
 961, 352.602356
 962, 352.083038
 963, 351.988831
 964, 352.212372
 965, 352.685760
 966, 352.444794
 967, 352.235443
 968, 352.005554
 969, 351.812408
 970, 352.653687
 971, 352.407715
 972, 352.288300
 973, 352.117584
 974, 352.155823
 975, 352.700806
 976, 352.647369
 977, 353.140717
 978, 352.379944
 979, 352.930145
 980, 353.295654
 981, 353.352753
 982, 353.207794
 983, 353.883728
 984, 354.123474
 985, 353.426178
 986, 353.570953
 987, 353.083710
 988, 354.097748
 989, 354.076904
 990, 353.390472
 991, 353.173218
 992, 353.115540
 993, 353.964813
 994, 353.610809
 995, 353.989410
 996, 354.103119
 997, 354.036407
 998, 354.019318
 999, 354.176361
1000, 354.139191
1001, 354.435059
1002, 353.487396
1003, 353.190399
1004, 353.288330
1005, 353.622925
1006, 354.164764
1007, 354.128693
1008, 354.770599
1009, 354.320374
1010, 353.890869
1011, 354.303009
1012, 354.529266
1013, 354.524597
1014, 354.035126
1015, 354.554932
1016, 354.256348
1017, 354.480530
1018, 353.701324
1019, 354.517792
1020, 354.676483
1021, 355.141388
1022, 355.113983
1023, 355.057526
1024, 355.991699
1025, 355.826660
1026, 355.479523
1027, 355.769653
1028, 355.590973
1029, 355.579559
1030, 355.692139
1031, 355.743378
1032, 355.880219
1033, 355.592590
1034, 355.362854
1035, 356.312500
1036, 357.714691
1037, 355.825562
1038, 355.323456
1039, 354.960693
1040, 354.827179
1041, 354.766937
1042, 354.110840
1043, 354.121338
1044, 354.711945
1045, 354.264832
1046, 354.439117
1047, 354.983276
1048, 355.225647
1049, 355.667969
1050, 346.687408
1051, 354.628693
1052, 356.357635
1053, 357.591705
1054, 357.206482
1055, 356.724121
1056, 356.482758
1057, 356.002106
1058, 356.224182
1059, 356.416199
1060, 356.810028
1061, 357.295380
1062, 357.605316
1063, 357.201691
1064, 357.337738
1065, 357.293213
1066, 357.054535
1067, 357.728790
1068, 358.027374
1069, 357.630951
1070, 357.742523
1071, 357.893280
1072, 358.112091
1073, 357.991241
1074, 356.758270
1075, 356.831512
1076, 356.925720
1077, 357.016815
1078, 357.373901
1079, 357.598969
1080, 358.013702
1081, 357.711517
1082, 359.019562
1083, 358.136780
1084, 358.740479
1085, 358.469635
1086, 358.175415
1087, 358.147736
1088, 358.614807
1089, 358.225769
1090, 358.313171
1091, 358.696503
1092, 359.023132
1093, 358.748322
1094, 359.042511
1095, 359.269745
1096, 359.410187
1097, 359.277191
1098, 358.069702
1099, 358.004242
1100, 358.131561
1101, 359.270844
1102, 358.630005
1103, 358.876556
1104, 358.696411
1105, 358.177490
1106, 358.902283
1107, 359.306519
1108, 360.848969
1109, 359.613953
1110, 359.671387
1111, 360.262085
1112, 359.999756
1113, 360.409637
1114, 360.740265
1115, 361.885223
1116, 361.410339
1117, 361.226501
1118, 361.646912
1119, 361.563202
1120, 361.518646
1121, 361.673096
1122, 360.030121
1123, 359.644775
1124, 358.982361
1125, 359.268829
1126, 359.170380
1127, 359.450439
1128, 359.338409
1129, 359.348877
1130, 359.430603
1131, 360.888245
1132, 360.440063
1133, 360.757355
1134, 362.188934
1135, 361.458405
1136, 361.491119
1137, 361.429688
1138, 361.727661
1139, 362.369415
1140, 362.494568
1141, 362.203552
1142, 362.144897
1143, 364.053436
1144, 364.307343
1145, 362.505676
1146, 352.516052
1147, 361.269440
1148, 362.125488
1149, 361.739624
1150, 361.801971
1151, 361.571991
1152, 361.928589
1153, 361.981995
1154, 362.080444
1155, 362.278412
1156, 362.202972
1157, 362.706177
1158, 361.041595
1159, 361.113403
1160, 361.259460
1161, 361.162079
1162, 360.923889
1163, 361.955933
1164, 361.950165
1165, 361.941254
1166, 361.955811
1167, 361.988281
1168, 362.177826
1169, 361.875305
1170, 360.867310
1171, 360.611298
1172, 360.942169
1173, 361.147339
1174, 362.008118
1175, 361.975281
1176, 362.296204
1177, 362.411896
1178, 362.591003
1179, 362.864746
1180, 362.712433
1181, 362.985352
1182, 363.201019
1183, 363.166412
1184, 363.077881
1185, 363.447571
1186, 363.462738
1187, 363.526093
1188, 363.635010
1189, 364.007324
1190, 364.413025
1191, 364.682678
1192, 364.010406
1193, 364.323151
1194, 363.331848
1195, 363.487335
1196, 363.768982
1197, 363.784149
1198, 364.410492
1199, 365.105225
1200, 364.604706
1201, 365.077972
1202, 365.346191
1203, 365.686951
1204, 365.271698
1205, 365.232513
1206, 364.021515
1207, 364.242920
1208, 364.339844
1209, 364.610992
1210, 364.161713
1211, 364.662720
1212, 365.148315
1213, 365.591095
1214, 365.223541
1215, 365.551483
1216, 365.203796
1217, 366.125183
1218, 365.150238
1219, 364.176971
1220, 364.860107
1221, 364.402130
1222, 364.841980
1223, 364.711426
1224, 365.264984
1225, 365.542450
1226, 365.779114
1227, 365.251282
1228, 365.469238
1229, 366.102203
1230, 366.148804
1231, 365.947113
1232, 366.623566
1233, 367.216309
1234, 366.796448
1235, 366.656128
1236, 366.184357
1237, 366.770203
1238, 367.163940
1239, 367.122620
1240, 366.602142
1241, 367.070251
1242, 358.137726
1243, 366.282257
1244, 366.071777
1245, 366.690155
1246, 366.835083
1247, 366.984344
1248, 367.421570
1249, 367.103271
1250, 367.039459
1251, 367.717407
1252, 367.128387
1253, 367.592316
1254, 365.907318
1255, 366.375427
1256, 366.944092
1257, 366.675415
1258, 367.139923
1259, 367.109558
1260, 366.953064
1261, 366.491791
1262, 366.724701
1263, 367.181213
1264, 368.203888
1265, 367.822174
1266, 367.858734
1267, 368.601227
1268, 367.896973
1269, 367.560394
1270, 367.621094
1271, 368.313843
1272, 368.591309
1273, 368.538361
1274, 368.761963
1275, 368.351563
1276, 368.874054
1277, 369.185577
1278, 368.085022
1279, 368.449890
1280, 368.476074
1281, 369.166687
1282, 369.562439
1283, 369.499695
1284, 369.600769
1285, 369.602905
1286, 369.833862
1287, 369.737488
1288, 369.741638
1289, 370.344788
1290, 369.020599
1291, 369.440125
1292, 369.467377
1293, 369.445831
1294, 369.652588
1295, 369.925903
1296, 370.108154
1297, 369.023254
1298, 369.395508
1299, 370.152130
1300, 369.964172
1301, 370.358459
1302, 369.189178
1303, 369.058899
1304, 368.884552
1305, 369.358887
1306, 369.921783
1307, 369.936951
1308, 369.963654
1309, 370.726471
1310, 370.462097
1311, 371.423492
1312, 370.845886
1313, 370.592560
1314, 370.941193
1315, 371.293030
1316, 371.499695
1317, 371.615601
1318, 371.751190
1319, 371.403015
1320, 371.711334
1321, 371.557953
1322, 371.752838
1323, 371.962280
1324, 371.601990
1325, 371.686218
1326, 370.391479
1327, 370.595184
1328, 370.346985
1329, 371.850708
1330, 370.991516
1331, 371.918854
1332, 372.081573
1333, 372.315155
1334, 372.779510
1335, 372.337006
1336, 372.533997
1337, 372.381134
1338, 363.804077
1339, 372.110413
1340, 372.517822
1341, 372.705170
1342, 374.205719
1343, 373.127686
1344, 373.216309
1345, 373.483246
1346, 373.290955
1347, 373.200012
1348, 373.637177
1349, 373.731964
1350, 373.358124
1351, 374.521576
1352, 373.473297
1353, 373.335083
1354, 373.615692
1355, 373.367065
1356, 373.633026
1357, 373.486969
1358, 373.951447
1359, 374.372284
1360, 374.190643
1361, 374.079132
1362, 373.768494
1363, 374.147064
1364, 374.789063
1365, 374.404327
1366, 374.550293
1367, 374.979218
1368, 375.007904
1369, 375.125061
1370, 374.246063
1371, 374.613190
1372, 374.958252
1373, 375.271271
1374, 374.210449
1375, 374.396393
1376, 374.852448
1377, 374.591644
1378, 375.144592
1379, 375.182220
1380, 374.708038
1381, 375.383850
1382, 375.968750
1383, 375.070251
1384, 375.141418
1385, 376.581177
1386, 375.406982
1387, 375.502228
1388, 375.963989
1389, 376.098053
1390, 376.218506
1391, 376.238373
1392, 376.362366
1393, 376.287567
1394, 376.099182
1395, 376.028900
1396, 376.369263
1397, 375.938812
1398, 375.463409
1399, 375.302826
1400, 375.605347
1401, 375.627411
1402, 376.435730
1403, 376.955597
1404, 377.003754
1405, 376.968231
1406, 377.251068
1407, 377.931122
1408, 378.298157
1409, 378.161469
1410, 377.326874
1411, 377.380341
1412, 377.680847
1413, 378.102722
1414, 378.500244
1415, 378.447784
1416, 378.390259
1417, 378.679779
1418, 378.627533
1419, 379.245392
1420, 379.177765
1421, 379.545349
1422, 380.075806
1423, 380.807281
1424, 379.183014
1425, 381.310425
1426, 379.706818
1427, 379.646393
1428, 379.640656
1429, 379.526428
1430, 379.000397
1431, 379.395721
1432, 379.695557
1433, 380.107147
1434, 370.260529
1435, 378.600220
1436, 378.817505
1437, 381.753326
1438, 378.801361
1439, 379.024902
1440, 379.114471
1441, 379.074677
1442, 379.673706
1443, 379.751038
1444, 380.678925
1445, 380.299835
1446, 380.625519
1447, 379.612885
1448, 379.166779
1449, 379.266327
1450, 379.518066
1451, 379.987793
1452, 379.497650
1453, 380.031189
1454, 379.911316
1455, 379.598816
1456, 379.201935
1457, 379.446991
1458, 378.764038
1459, 379.138092
1460, 379.273041
1461, 379.894684
1462, 379.597809
1463, 379.440094
1464, 379.826538
1465, 380.196198
1466, 379.853149
1467, 380.407776
1468, 380.919861
1469, 381.385223
1470, 379.753784
1471, 379.873566
1472, 380.191986
1473, 380.156952
1474, 380.195648
1475, 380.412811
1476, 380.467560
1477, 381.149109
1478, 381.778107
1479, 381.333496
1480, 381.481628
1481, 381.682617
1482, 381.896301
1483, 382.242035
1484, 382.244537
1485, 382.364441
1486, 382.580048
1487, 382.586365
1488, 382.084259
1489, 382.637665
1490, 382.399048
1491, 382.552856
1492, 382.741455
1493, 382.610504
1494, 381.176331
1495, 382.020386
1496, 381.876923
1497, 381.675995
1498, 382.422546
1499, 382.148773
1500, 382.632446
1501, 382.694733
1502, 384.684387
1503, 382.492126
1504, 382.810974
1505, 383.229340
1506, 382.562927
1507, 381.685364
1508, 382.413696
1509, 382.501556
1510, 383.248138
1511, 383.058624
1512, 383.712646
1513, 383.513184
1514, 382.904663
1515, 383.723145
1516, 383.551392
1517, 383.825714
1518, 383.981201
1519, 384.042938
1520, 384.456238
1521, 384.648804
1522, 384.747253
1523, 385.242035
1524, 384.624298
1525, 385.197540
1526, 385.761475
1527, 385.983398
1528, 386.262573
1529, 387.123840
1530, 377.773987
1531, 385.303314
1532, 384.356628
1533, 384.386017
1534, 385.238861
1535, 384.748932
1536, 384.641022
1537, 385.000671
1538, 385.492889
1539, 385.351471
1540, 385.982880
1541, 386.158844
1542, 385.941010
1543, 386.042603
1544, 386.391876
1545, 386.633240
1546, 387.309204
1547, 387.582947
1548, 387.497681
1549, 387.393494
1550, 387.490814
1551, 387.277771
1552, 387.651062
1553, 387.217529
1554, 387.689789
1555, 387.996185
1556, 388.288849
1557, 388.457947
1558, 388.482483
1559, 388.540527
1560, 388.738983
1561, 389.037506
1562, 388.690857
1563, 389.025085
1564, 389.299347
1565, 388.979340
1566, 388.784698
1567, 388.217560
1568, 387.965759
1569, 388.603943
1570, 389.260101
1571, 389.067963
1572, 390.087952
1573, 390.429199
1574, 390.022919
1575, 390.157593
1576, 390.259613
1577, 390.275238
1578, 389.826294
1579, 389.844971
1580, 390.092621
1581, 390.211914
1582, 390.257904
1583, 389.750519
1584, 389.896118
1585, 390.286743
1586, 390.305145
1587, 390.409271
1588, 390.282104
1589, 390.863342
1590, 390.789520
1591, 391.245911
1592, 391.603149
1593, 391.835541
1594, 392.037384
1595, 391.797424
1596, 391.955994
1597, 392.463867
1598, 392.041992
1599, 392.198486
1600, 392.282196
1601, 392.315247
1602, 392.066498
1603, 391.959747
1604, 391.928802
1605, 392.169128
1606, 392.571838
1607, 392.545654
1608, 394.012756
1609, 393.315277
1610, 393.228424
1611, 405.513275
1612, 393.201202
1613, 393.203705
1614, 392.025085
1615, 392.404144
1616, 392.553497
1617, 392.496765
1618, 393.381256
1619, 393.846222
1620, 394.091858
1621, 394.366211
1622, 394.357727
1623, 394.890778
1624, 394.202881
1625, 394.865692
1626, 384.323639
1627, 393.502167
1628, 394.276550
1629, 394.322754
1630, 394.154022
1631, 394.624786
1632, 394.559784
1633, 394.231598
1634, 394.449921
1635, 394.790588
1636, 394.424774
1637, 393.968811
1638, 393.758789
1639, 393.590240
1640, 394.288116
1641, 394.874512
1642, 394.763031
1643, 394.990204
1644, 395.245178
1645, 395.074524
1646, 394.789734
1647, 394.983978
1648, 395.237335
1649, 396.659943
1650, 395.525330
1651, 393.915314
1652, 394.086578
1653, 394.096527
1654, 394.723236
1655, 396.610352
1656, 394.949402
1657, 395.099670
1658, 395.978302
1659, 396.265198
1660, 396.090912
1661, 396.113342
1662, 395.471466
1663, 395.740082
1664, 396.480408
1665, 396.398682
1666, 397.218689
1667, 397.671509
1668, 399.330292
1669, 400.039185
1670, 400.096283
1671, 399.581085
1672, 399.669525
1673, 399.719818
1674, 399.263092
1675, 399.201538
1676, 399.971680
1677, 400.760651
1678, 400.677948
1679, 400.610962
1680, 400.304718
1681, 400.922485
1682, 401.612701
1683, 401.834625
1684, 401.839996
1685, 402.312683
1686, 401.371399
1687, 401.371246
1688, 401.031281
1689, 401.416840
1690, 401.831024
1691, 402.143524
1692, 402.439758
1693, 402.387115
1694, 402.268097
1695, 402.804810
1696, 402.496002
1697, 402.491821
1698, 402.682739
1699, 402.544128
1700, 403.364563
1701, 402.545105
1702, 402.922760
1703, 402.726898
1704, 403.257721
1705, 403.892456
1706, 404.161041
1707, 404.187653
1708, 404.335815
1709, 403.872375
1710, 403.115906
1711, 403.947327
1712, 404.080322
1713, 404.152588
1714, 407.501434
1715, 405.617493
1716, 405.213409
1717, 405.458374
1718, 404.812256
1719, 405.078827
1720, 405.263245
1721, 405.572418
1722, 394.791229
1723, 405.132233
1724, 405.440033
1725, 405.832367
1726, 405.762085
1727, 406.161652
1728, 406.506561
1729, 407.103485
1730, 406.781555
1731, 406.355713
1732, 406.529236
1733, 407.032837
1734, 406.897675
1735, 406.768463
1736, 406.487244
1737, 406.792999
1738, 407.186249
1739, 406.925934
1740, 407.132263
1741, 407.026031
1742, 407.667450
1743, 407.089966
1744, 407.132294
1745, 407.747131
1746, 408.262329
1747, 407.844910
1748, 408.096100
1749, 408.035400
1750, 408.082642
1751, 408.315063
1752, 408.284760
1753, 408.096313
1754, 408.117188
1755, 408.820313
1756, 421.469238
1757, 433.069946
1758, 405.701355
1759, 404.978180
1760, 405.234894
1761, 405.213318
1762, 405.215454
1763, 405.675232
1764, 405.690765
1765, 405.762604
1766, 405.365601
1767, 405.646423
1768, 406.701874
1769, 406.501801
1770, 406.273590
1771, 407.162201
1772, 407.795685
1773, 407.663879
1774, 407.914093
1775, 408.444336
1776, 408.105774
1777, 409.011871
1778, 408.967438
1779, 409.422546
1780, 408.615082
1781, 408.872192
1782, 409.588379
1783, 408.166901
1784, 408.256439
1785, 408.875763
1786, 407.768524
1787, 408.556946
1788, 409.213104
1789, 409.126129
1790, 409.586395
1791, 410.000488
1792, 409.794708
1793, 410.466034
1794, 409.373352
1795, 409.140778
1796, 409.117188
1797, 409.362274
1798, 409.934601
1799, 411.560913
1800, 412.125336
1801, 412.982391
1802, 412.378815
1803, 411.703278
1804, 412.402832
1805, 412.461975
1806, 412.805450
1807, 412.729950
1808, 412.534760
1809, 412.896454
1810, 412.816925
1811, 412.914856
1812, 413.938995
1813, 413.908630
1814, 413.547974
1815, 413.782532
1816, 413.842133
1817, 413.495483
1818, 409.942963
1819, 413.410706
1820, 413.572052
1821, 413.924316
1822, 413.861542
1823, 414.286621
1824, 414.454254
1825, 414.599213
1826, 414.788361
1827, 415.687286
1828, 415.214539
1829, 415.267822
1830, 414.852112
1831, 414.630188
1832, 415.202515
1833, 415.671661
1834, 415.589813
1835, 416.007141
1836, 415.939575
1837, 415.946503
1838, 416.339172
1839, 416.638641
1840, 417.214050
1841, 417.656555
1842, 415.916748
1843, 416.644348
1844, 416.541290
1845, 416.285675
1846, 416.309357
1847, 416.839691
1848, 417.188965
1849, 417.007294
1850, 416.816223
1851, 416.502075
1852, 416.828156
1853, 416.292053
1854, 415.271454
1855, 415.452667
1856, 415.967865
1857, 416.094391
1858, 416.450775
1859, 416.125458
1860, 416.422852
1861, 416.449554
1862, 417.294647
1863, 419.670258
1864, 421.844696
1865, 417.322968
1866, 417.520416
1867, 417.560150
1868, 417.604584
1869, 418.176971
1870, 417.560638
1871, 418.796875
1872, 417.568451
1873, 418.269684
1874, 417.850677
1875, 418.123993
1876, 418.371063
1877, 418.471680
1878, 417.612061
1879, 417.568573
1880, 417.354767
1881, 417.334961
1882, 417.887421
1883, 417.833954
1884, 418.106903
1885, 418.695831
1886, 418.029205
1887, 417.845490
1888, 418.198334
1889, 418.940765
1890, 417.989960
1891, 417.938599
1892, 418.640381
1893, 418.635529
1894, 418.889496
1895, 418.891663
1896, 419.651855
1897, 419.185822
1898, 418.695251
1899, 418.662354
1900, 418.668640
1901, 418.811005
1902, 418.607269
1903, 418.774445
1904, 418.807892
1905, 418.957031
1906, 418.735657
1907, 418.305206
1908, 418.679077
1909, 418.954956
1910, 418.875763
1911, 419.860809
1912, 419.647095
1913, 419.294678
1914, 416.775269
1915, 418.847595
1916, 418.810455
1917, 418.697906
1918, 419.336639
1919, 419.609344
1920, 419.449310
1921, 419.400665
1922, 419.458771
1923, 419.833008
1924, 419.528961
1925, 419.312042
1926, 418.185791
1927, 418.752289
1928, 419.374878
1929, 419.525146
1930, 420.882416
1931, 422.154175
1932, 421.338318
1933, 420.106903
1934, 420.084442
1935, 419.966431
1936, 419.964996
1937, 420.125763
1938, 419.744995
1939, 420.008362
1940, 420.756195
1941, 420.740997
1942, 420.589142
1943, 421.193939
1944, 421.342010
1945, 421.355621
1946, 421.799744
1947, 421.848328
1948, 421.867706
1949, 422.634247
1950, 421.439423
1951, 421.719086
1952, 421.854218
1953, 422.533295
1954, 422.441010
1955, 422.909241
1956, 423.208710
1957, 423.415497
1958, 423.361084
1959, 423.616638
1960, 423.624512
1961, 423.873688
1962, 423.173615
1963, 423.147858
1964, 423.508698
1965, 424.103455
1966, 423.425079
1967, 423.873077
1968, 424.048615
1969, 424.587860
1970, 425.001465
1971, 425.784058
1972, 425.833923
1973, 425.464844
1974, 424.578461
1975, 424.607178
1976, 424.195129
1977, 424.738617
1978, 424.821899
1979, 425.501556
1980, 425.051697
1981, 425.371094
1982, 425.199402
1983, 426.093018
1984, 426.118896
1985, 426.046448
1986, 426.685760
1987, 426.932434
1988, 426.350189
1989, 426.922455
1990, 426.564331
1991, 427.246613
1992, 427.776550
1993, 428.205261
1994, 428.085846
1995, 428.507874
1996, 428.393158
1997, 428.245117
1998, 427.143890
1999, 427.327179
2000, 427.955933
2001, 428.570190
2002, 428.871094
2003, 429.392792
2004, 429.256104
2005, 429.347351
2006, 429.041321
2007, 429.285522
2008, 429.527893
2009, 429.675537
2010, 421.623688
2011, 429.823608
2012, 429.806946
2013, 429.580109
2014, 430.093781
2015, 430.494354
2016, 430.210144
2017, 430.824310
2018, 430.965607
2019, 432.434662
2020, 432.494080
2021, 433.180786
2022, 433.308228
2023, 434.320282
2024, 434.389343
2025, 434.642212
2026, 434.232330
2027, 434.593201
2028, 435.082245
2029, 434.699280
2030, 434.883270
2031, 435.082611
2032, 435.676361
2033, 435.173767
2034, 433.597260
2035, 434.568573
2036, 434.285187
2037, 434.404602
2038, 434.484741
2039, 434.632416
2040, 434.044495
2041, 433.707703
2042, 433.255737
2043, 433.270447
2044, 434.045898
2045, 434.113098
2046, 431.973053
2047, 432.159943
2048, 431.541534
2049, 432.410278
2050, 432.173553
2051, 432.650482
2052, 432.499329
2053, 432.503906
2054, 432.690369
2055, 433.065247
2056, 433.742920
2057, 433.558533
2058, 434.499512
2059, 435.185822
2060, 434.826630
2061, 434.928345
2062, 435.468597
2063, 435.281677
2064, 435.405090
2065, 435.708466
2066, 435.798401
2067, 436.594208
2068, 436.127441
2069, 435.913544
2070, 435.741699
2071, 435.826843
2072, 435.905792
2073, 435.756104
2074, 436.094208
2075, 436.368408
2076, 435.581116
2077, 436.386475
2078, 436.102661
2079, 435.970856
2080, 436.549255
2081, 437.092041
2082, 436.575439
2083, 436.996887
2084, 437.245697
2085, 436.875458
2086, 437.373383
2087, 437.908081
2088, 438.220642
2089, 438.185944
2090, 437.635803
2091, 437.871185
2092, 438.019470
2093, 439.822693
2094, 436.215759
2095, 435.783813
2096, 436.058075
2097, 436.535095
2098, 436.681274
2099, 436.859222
2100, 437.001038
2101, 437.130890
2102, 437.063446
2103, 436.621490
2104, 437.327240
2105, 437.072327
2106, 429.610168
2107, 438.416351
2108, 437.506256
2109, 437.863861
2110, 438.165527
2111, 437.976440
2112, 438.611572
2113, 438.367584
2114, 438.873901
2115, 438.823029
2116, 438.824219
2117, 438.561798
2118, 439.476074
2119, 439.332062
2120, 439.514343
2121, 439.511719
2122, 439.399658
2123, 440.345245
2124, 440.074524
2125, 440.113251
2126, 440.676788
2127, 440.747467
2128, 441.152557
2129, 440.698700
2130, 440.594391
2131, 441.028473
2132, 440.517517
2133, 441.208679
2134, 441.992615
2135, 441.240112
2136, 441.615448
2137, 441.846924
2138, 441.805573
2139, 442.077240
2140, 442.235474
2141, 442.294647
2142, 440.978271
2143, 440.233246
2144, 441.451019
2145, 441.676819
2146, 441.798309
2147, 441.990387
2148, 442.063202
2149, 441.903015
2150, 442.203033
2151, 443.382629
2152, 444.318848
2153, 444.495148
2154, 444.286865
2155, 444.637024
2156, 444.122467
2157, 444.299347
2158, 443.944061
2159, 444.791046
2160, 444.614594
2161, 445.066345
2162, 445.494843
2163, 445.322632
2164, 445.211945
2165, 445.637787
2166, 446.440857
2167, 445.998932
2168, 446.902649
2169, 445.995361
2170, 446.691589
2171, 446.264923
2172, 446.085480
2173, 446.492279
2174, 446.504822
2175, 447.170288
2176, 446.643524
2177, 446.851868
2178, 446.468689
2179, 446.672821
2180, 447.113831
2181, 447.381744
2182, 447.579773
2183, 447.012054
2184, 447.609009
2185, 448.718414
2186, 448.230988
2187, 448.682953
2188, 449.062988
2189, 449.274902
2190, 448.385559
2191, 448.315369
2192, 447.420624
2193, 447.834717
2194, 448.256287
2195, 448.514893
2196, 449.584564
2197, 449.054657
2198, 449.312805
2199, 449.433258
2200, 450.549591
2201, 449.309082
2202, 442.698273
2203, 450.697693
2204, 449.514374
2205, 449.682434
2206, 449.933258
2207, 450.342682
2208, 450.577332
2209, 450.938629
2210, 451.315460
2211, 451.059509
2212, 452.272583
2213, 451.389313
2214, 451.073700
2215, 451.102448
2216, 451.133759
2217, 457.248901
2218, 452.451874
2219, 453.068451
2220, 452.979980
2221, 452.428589
2222, 452.231720
2223, 452.656433
2224, 453.320862
2225, 452.945984
2226, 452.841736
2227, 452.762726
2228, 452.511963
2229, 453.941437
2230, 452.767456
2231, 453.152832
2232, 453.032806
2233, 452.948669
2234, 453.223541
2235, 452.911957
2236, 453.286438
2237, 454.082733
2238, 454.273804
2239, 454.343048
2240, 454.380615
2241, 454.900177
2242, 454.863892
2243, 454.673950
2244, 454.894836
2245, 455.176971
2246, 457.523285
2247, 457.750519
2248, 458.519501
2249, 458.683929
2250, 458.772980
2251, 458.841644
2252, 456.804443
2253, 456.136108
2254, 455.932587
2255, 455.911438
2256, 456.382416
2257, 456.271393
2258, 457.904236
2259, 455.876007
2260, 454.980103
2261, 455.455475
2262, 456.773682
2263, 457.156738
2264, 458.245148
2265, 457.476624
2266, 456.854614
2267, 456.265991
2268, 456.781281
2269, 456.426361
2270, 456.470337
2271, 456.326294
2272, 456.209656
2273, 457.076660
2274, 457.059845
2275, 457.762939
2276, 458.032166
2277, 457.725861
2278, 458.155548
2279, 458.038910
2280, 457.893341
2281, 458.009521
2282, 458.360321
2283, 458.086975
2284, 458.777588
2285, 459.398346
2286, 460.410278
2287, 460.329681
2288, 460.594696
2289, 461.212006
2290, 482.617340
2291, 470.057892
2292, 463.963470
2293, 463.600616
2294, 464.149811
2295, 463.691254
2296, 463.479797
2297, 463.510498
2298, 456.031982
2299, 464.654480
2300, 465.269745
2301, 465.119476
2302, 464.789093
2303, 464.429443
2304, 464.143616
2305, 465.720581
2306, 465.204437
2307, 464.660858
2308, 465.089600
2309, 465.490265
2310, 466.236359
2311, 466.113770
2312, 465.759338
2313, 466.166687
2314, 466.349487
2315, 466.864594
2316, 466.134735
2317, 468.695129
2318, 467.066193
2319, 467.170380
2320, 466.990875
2321, 467.151978
2322, 469.260712
2323, 469.379425
2324, 469.656342
2325, 469.794647
2326, 469.933411
2327, 469.251587
2328, 469.677795
2329, 470.225555
2330, 470.751373
2331, 508.404755
2332, 508.000549
2333, 508.686371
2334, 508.909760
2335, 508.385162
2336, 509.340393
2337, 508.739807
2338, 509.108368
2339, 509.257050
2340, 508.954956
2341, 508.917419
2342, 508.873169
2343, 509.006836
2344, 508.970642
2345, 509.880829
2346, 509.589630
2347, 508.394623
2348, 508.582733
2349, 509.498566
2350, 509.835754
2351, 509.932098
2352, 511.443176
2353, 512.956787
2354, 512.088684
2355, 511.886047
2356, 511.923889
2357, 512.024902
2358, 511.957367
2359, 512.185608
2360, 512.719788
2361, 512.025391
2362, 512.225403
2363, 512.360107
2364, 512.456909
2365, 511.557739
2366, 513.666321
2367, 510.763489
2368, 511.362885
2369, 513.360107
2370, 514.957458
2371, 514.628662
2372, 514.791016
2373, 514.879578
2374, 515.606201
2375, 515.209961
2376, 515.818298
2377, 516.458069
2378, 516.518250
2379, 515.878784
2380, 516.186890
2381, 516.043396
2382, 516.149841
2383, 516.355408
2384, 516.371582
2385, 516.319763
2386, 516.827759
2387, 516.124573
2388, 518.371826
2389, 518.625244
2390, 518.736816
2391, 518.887634
2392, 517.917786
2393, 517.890137
2394, 517.804932
2395, 517.199036
2396, 517.716919
2397, 517.737244
2398, 518.324158
2399, 518.643860
2400, 518.640320
2401, 518.168701
2402, 518.496460
2403, 518.640442
2404, 518.312622
2405, 518.685425
2406, 519.586548
2407, 518.791687
2408, 519.171265
2409, 518.835022
2410, 519.911621
2411, 519.780090
2412, 521.096558
2413, 521.667725
2414, 521.233215
2415, 521.281372
2416, 520.917480
2417, 521.640442
2418, 522.210754
2419, 521.807556
2420, 521.800232
2421, 522.183838
2422, 521.523193
2423, 521.320007
2424, 517.311340
2425, 524.150513
2426, 524.406189
2427, 524.425476
2428, 526.064270
2429, 524.913452
2430, 524.891907
2431, 523.902832
2432, 523.834473
2433, 524.365784
2434, 525.459656
2435, 525.755432
2436, 526.242798
2437, 526.777466
2438, 526.726501
2439, 527.049255
2440, 527.426147
2441, 527.721130
2442, 527.275330
2443, 527.462280
2444, 527.774475
2445, 527.983765
2446, 527.933655
2447, 527.363220
2448, 527.104126
2449, 527.321838
2450, 526.990479
2451, 527.534668
2452, 527.444946
2453, 527.321533
2454, 527.396851
2455, 527.024048
2456, 527.144470
2457, 527.430725
2458, 527.982666
2459, 527.885498
2460, 529.108459
2461, 529.221436
2462, 539.687988
2463, 537.242493
2464, 542.972046
2465, 527.953979
2466, 528.069763
2467, 528.200684
2468, 527.898376
2469, 527.294800
2470, 528.314819
2471, 527.989136
2472, 529.312439
2473, 529.356140
2474, 529.801208
2475, 529.302185
2476, 529.539856
2477, 529.627319
2478, 529.325867
2479, 529.231934
2480, 529.730652
2481, 530.764099
2482, 531.632690
2483, 530.220154
2484, 531.986755
2485, 532.142700
2486, 531.922241
2487, 531.522278
2488, 531.756897
2489, 531.983521
2490, 532.545349
2491, 532.251709
2492, 532.351746
2493, 532.226990
2494, 532.137024
2495, 532.762146
2496, 534.694275
2497, 534.816162
2498, 534.887451
2499, 535.660461
2500, 535.201477
2501, 534.976379
2502, 534.899414
2503, 535.012146
2504, 535.067688
2505, 534.838684
2506, 535.233582
2507, 535.283936
2508, 535.374390
2509, 535.297913
2510, 535.770264
2511, 535.735046
2512, 535.679260
2513, 535.999512
2514, 535.925659
2515, 535.794922
2516, 536.085999
2517, 536.654175
2518, 536.730957
2519, 536.964966
2520, 536.067017
2521, 539.239624
2522, 539.415405
2523, 539.078186
2524, 539.757202
2525, 540.362671
2526, 539.182983
2527, 539.683533
2528, 539.505981
2529, 539.347961
2530, 539.697205
2531, 539.673584
2532, 541.374817
2533, 541.037476
2534, 541.644836
2535, 541.735901
2536, 541.754761
2537, 542.372803
2538, 542.216125
2539, 542.537659
2540, 542.639526
2541, 542.800354
2542, 542.766907
2543, 542.932251
2544, 545.003723
2545, 544.533508
2546, 545.037842
2547, 545.268677
2548, 545.292786
2549, 544.918945
2550, 544.892090
2551, 545.408447
2552, 545.249268
2553, 544.912170
2554, 545.677917
2555, 545.427246
2556, 546.856140
2557, 547.134094
2558, 547.002625
2559, 546.614807
2560, 546.935242
2561, 546.974487
2562, 546.699524
2563, 546.608032
2564, 547.293335
2565, 547.628479
2566, 547.348267
2567, 547.455566
2568, 549.146240
2569, 549.703491
2570, 549.888245
2571, 550.552124
2572, 550.299805
2573, 550.580383
2574, 550.164124
2575, 550.513428
2576, 550.497131
2577, 550.143311
2578, 550.577209
2579, 550.624573
2580, 550.858032
2581, 551.198853
2582, 551.163696
2583, 550.741211
2584, 550.599182
2585, 550.990417
2586, 551.380981
2587, 551.466370
2588, 551.549072
2589, 551.326538
2590, 551.614502
2591, 552.151794
2592, 553.231445
2593, 554.226685
2594, 553.782715
2595, 554.359253
2596, 554.013123
2597, 554.423035
2598, 554.189026
2599, 554.107849
2600, 554.634705
2601, 554.189941
2602, 554.227295
2603, 553.950439
2604, 556.370911
2605, 556.538818
2606, 556.920044
2607, 557.351135
2608, 557.310913
2609, 557.119629
2610, 556.796021
2611, 556.893616
2612, 556.468994
2613, 557.046875
2614, 557.137024
2615, 557.342163
2616, 556.249878
2617, 560.219971
2618, 560.393677
2619, 560.373169
2620, 560.805664
2621, 561.646118
2622, 561.619202
2623, 561.249207
2624, 561.411926
2625, 561.682678
2626, 561.522034
2627, 561.852539
2628, 562.530945
2629, 561.868042
2630, 562.497375
2631, 561.969482
2632, 562.258118
2633, 562.077942
2634, 562.202026
2635, 562.083374
2636, 562.360229
2637, 562.713623
2638, 562.390625
2639, 562.716736
2640, 564.324707
2641, 564.884094
2642, 565.370239
2643, 566.240051
2644, 565.534241
2645, 565.263062
2646, 565.832153
2647, 565.560974
2648, 565.778625
2649, 565.607056
2650, 565.942749
2651, 565.967834
2652, 567.754761
2653, 567.609741
2654, 567.389526
2655, 568.066956
2656, 567.744690
2657, 568.066895
2658, 568.403992
2659, 568.839111
2660, 568.378967
2661, 568.459656
2662, 568.790405
2663, 569.649048
2664, 570.861206
2665, 572.161438
2666, 572.220520
2667, 571.803650
2668, 572.699036
2669, 572.303284
2670, 571.759155
2671, 572.352539
2672, 571.759155
2673, 572.605896
2674, 572.709045
2675, 572.733521
2676, 574.219604
2677, 574.779419
2678, 575.728821
2679, 575.344360
2680, 575.335205
2681, 575.942871
2682, 575.952393
2683, 575.622986
2684, 575.917175
2685, 575.808411
2686, 575.610291
2687, 575.712341
2688, 578.299927
2689, 578.638245
2690, 578.773315
2691, 578.472900
2692, 578.958252
2693, 578.307312
2694, 578.779053
2695, 579.624084
2696, 579.284302
2697, 579.146545
2698, 579.236084
2699, 579.203735
2700, 581.765503
2701, 582.113342
2702, 582.201233
2703, 582.478149
2704, 582.894897
2705, 582.955322
2706, 582.965698
2707, 582.931091
2708, 583.076721
2709, 583.293396
2710, 584.141052
2711, 584.131287
2712, 579.984253
2713, 584.602905
2714, 584.350464
2715, 584.429077
2716, 584.947815
2717, 584.767883
2718, 584.580383
2719, 584.814453
2720, 584.703979
2721, 585.170471
2722, 585.271362
2723, 585.391907
2724, 587.562317
2725, 588.360107
2726, 588.328735
2727, 588.450745
2728, 588.552856
2729, 589.323181
2730, 589.167664
2731, 589.542297
2732, 590.006775
2733, 590.060242
2734, 589.726807
2735, 590.449280
2736, 592.126770
2737, 592.753784
2738, 592.873413
2739, 593.019043
2740, 593.368774
2741, 593.558472
2742, 594.373108
2743, 593.586792
2744, 593.536865
2745, 593.542664
2746, 594.052612
2747, 593.821594
2748, 595.931274
2749, 596.395020
2750, 596.255859
2751, 596.084045
2752, 596.435181
2753, 597.190125
2754, 597.409973
2755, 597.087280
2756, 597.122437
2757, 596.917847
2758, 597.268555
2759, 597.484802
2760, 597.647583
2761, 597.990601
2762, 598.832520
2763, 598.670044
2764, 597.962830
2765, 597.610718
2766, 598.493896
2767, 598.933167
2768, 598.509399
2769, 598.237671
2770, 598.039307
2771, 598.065979
2772, 600.139954
2773, 600.229980
2774, 600.918396
2775, 601.637756
2776, 601.835815
2777, 601.654053
2778, 601.752197
2779, 602.256287
2780, 602.854614
2781, 602.626526
2782, 602.265015
2783, 603.022339
2784, 604.774109
2785, 604.982117
2786, 604.927063
2787, 604.430176
2788, 605.049133
2789, 605.422363
2790, 604.978943
2791, 607.956055
2792, 605.296753
2793, 605.535400
2794, 605.712646
2795, 605.738159
2796, 608.017822
2797, 608.470337
2798, 608.219421
2799, 608.534851
2800, 608.717407
2801, 608.392151
2802, 608.709534
2803, 617.804810
2804, 609.164490
2805, 609.414978
2806, 609.641602
2807, 609.953125
2808, 603.630310
2809, 611.308472
2810, 611.276855
2811, 611.396606
2812, 611.754333
2813, 611.840515
2814, 611.717590
2815, 612.318176
2816, 612.178345
2817, 612.550476
2818, 613.578308
2819, 613.092651
2820, 614.942993
2821, 614.986389
2822, 615.216736
2823, 615.518311
2824, 615.728638
2825, 615.623657
2826, 616.037720
2827, 616.095642
2828, 616.055908
2829, 616.216187
2830, 616.247681
2831, 616.615662
2832, 616.153015
2833, 616.514771
2834, 616.374023
2835, 616.839417
2836, 616.842957
2837, 617.251404
2838, 617.130432
2839, 616.758789
2840, 616.969360
2841, 617.423828
2842, 618.015869
2843, 617.884644
2844, 619.495728
2845, 619.521301
2846, 620.161499
2847, 620.578369
2848, 620.453796
2849, 620.848450
2850, 620.896851
2851, 620.591125
2852, 620.552246
2853, 620.662781
2854, 621.079529
2855, 620.981628
2856, 622.746033
2857, 623.237122
2858, 623.476929
2859, 623.760254
2860, 624.070801
2861, 624.693970
2862, 624.540283
2863, 624.117310
2864, 624.960938
2865, 624.435669
2866, 624.372864
2867, 624.110474
2868, 624.218933
2869, 624.601624
2870, 624.753174
2871, 624.971313
2872, 625.078064
2873, 624.980774
2874, 626.233154
2875, 625.512024
2876, 626.327454
2877, 626.289124
2878, 626.039490
2879, 626.071777
2880, 628.431702
2881, 628.809143
2882, 628.158936
2883, 627.816711
2884, 628.196472
2885, 628.338379
2886, 628.256775
2887, 628.613892
2888, 628.669800
2889, 629.006226
2890, 629.344055
2891, 628.791565
2892, 631.579102
2893, 631.916199
2894, 632.614136
2895, 632.940979
2896, 633.240845
2897, 633.973877
2898, 633.390930
2899, 633.391113
2900, 633.493591
2901, 633.467468
2902, 634.800720
2903, 633.971802
2904, 627.163086
2905, 635.371765
2906, 635.958252
2907, 636.714966
2908, 636.619507
2909, 636.990173
2910, 637.501160
2911, 637.620972
2912, 637.894043
2913, 638.144836
2914, 637.931763
2915, 638.479187
2916, 638.524414
2917, 638.286682
2918, 638.953125
2919, 641.023010
2920, 639.836548
2921, 639.542725
2922, 639.664673
2923, 640.233398
2924, 639.966736
2925, 640.631226
2926, 641.198242
2927, 641.294006
2928, 647.075134
2929, 643.231079
2930, 643.478882
2931, 643.505859
2932, 646.250977
2933, 644.235535
2934, 644.574890
2935, 644.735046
2936, 645.247803
2937, 645.732666
2938, 645.820679
2939, 646.028381
2940, 648.534180
2941, 648.881104
2942, 649.628845
2943, 649.498779
2944, 649.368958
2945, 649.484802
2946, 649.008728
2947, 649.332214
2948, 649.465271
2949, 650.003052
2950, 649.936646
2951, 650.478577
2952, 650.500366
2953, 650.407227
2954, 650.266846
2955, 650.340149
2956, 650.972290
2957, 650.805054
2958, 650.752502
2959, 651.022644
2960, 651.904541
2961, 652.632385
2962, 652.492310
2963, 653.618530
2964, 654.837341
2965, 654.608582
2966, 654.970520
2967, 654.893921
2968, 655.150208
2969, 655.182983
2970, 655.162048
2971, 655.414429
2972, 655.323853
2973, 655.287781
2974, 656.269043
2975, 657.007874
2976, 658.127686
2977, 659.035034
2978, 659.319458
2979, 659.272766
2980, 660.514709
2981, 659.870178
2982, 659.610962
2983, 659.803650
2984, 660.264160
2985, 660.361206
2986, 660.968750
2987, 660.985046
2988, 662.760010
2989, 663.889709
2990, 664.021301
2991, 663.491577
2992, 663.586792
2993, 664.435608
2994, 664.217712
2995, 664.766357
2996, 664.531677
2997, 664.501343
2998, 664.876282
2999, 665.243896
3000, 657.464966
3001, 667.647217
3002, 667.944397
3003, 668.789063
3004, 669.112671
3005, 668.940918
3006, 669.543518
3007, 669.405945
3008, 669.725708
3009, 670.140869
3010, 669.800354
3011, 670.126160
3012, 670.876221
3013, 670.500916
3014, 671.745728
3015, 671.009033
3016, 671.429565
3017, 671.821594
3018, 671.525391
3019, 672.388733
3020, 672.252075
3021, 672.615784
3022, 673.000671
3023, 672.915894
3024, 675.611877
3025, 675.240845
3026, 675.347290
3027, 676.430420
3028, 676.028625
3029, 676.403503
3030, 676.928284
3031, 676.801575
3032, 677.364807
3033, 676.923828
3034, 677.578003
3035, 677.901428
3036, 679.839966
3037, 680.329285
3038, 680.320984
3039, 681.667114
3040, 681.381653
3041, 681.663635
3042, 681.558289
3043, 680.992554
3044, 682.012695
3045, 683.531738
3046, 682.456848
3047, 684.356323
3048, 684.306580
3049, 685.249390
3050, 685.290955
3051, 685.275146
3052, 685.496643
3053, 686.113342
3054, 686.733398
3055, 687.769592
3056, 687.623779
3057, 688.070190
3058, 688.740662
3059, 688.845947
3060, 689.373047
3061, 689.467041
3062, 690.029236
3063, 689.679260
3064, 690.595581
3065, 690.586121
3066, 691.324463
3067, 692.192566
3068, 693.571533
3069, 692.364746
3070, 692.369751
3071, 692.297119
3072, 699.356750
3073, 695.420715
3074, 694.354675
3075, 694.694214
3076, 695.089417
3077, 695.183044
3078, 694.804260
3079, 695.171814
3080, 695.178467
3081, 694.417175
3082, 695.133423
3083, 694.926514
3084, 695.071716
3085, 695.662170
3086, 695.803345
3087, 695.872681
3088, 696.453857
3089, 696.278564
3090, 696.461731
3091, 697.376221
3092, 696.980957
3093, 697.235046
3094, 697.493896
3095, 697.636169
3096, 693.395874
3097, 700.301453
3098, 700.499268
3099, 701.130066
3100, 701.700378
3101, 702.284302
3102, 701.894775
3103, 701.952515
3104, 701.772217
3105, 702.909668
3106, 703.663818
3107, 703.841858
3108, 705.195923
3109, 705.767151
3110, 705.550598
3111, 706.210205
3112, 706.181885
3113, 706.405457
3114, 707.333679
3115, 707.872070
3116, 708.016418
3117, 708.084473
3118, 708.232178
3119, 708.971863
3120, 708.605286
3121, 708.515930
3122, 709.018616
3123, 710.137146
3124, 710.418274
3125, 710.178406
3126, 710.826599
3127, 710.511658
3128, 711.961121
3129, 711.598206
3130, 712.520874
3131, 712.499268
3132, 713.631470
3133, 713.843018
3134, 713.915588
3135, 714.494202
3136, 714.551392
3137, 714.774841
3138, 715.292419
3139, 715.442932
3140, 715.893921
3141, 716.275452
3142, 716.651123
3143, 717.416077
3144, 719.175110
3145, 720.106201
3146, 720.461731
3147, 720.605164
3148, 721.426270
3149, 721.694885
3150, 721.779968
3151, 722.059814
3152, 722.292725
3153, 722.441284
3154, 722.990845
3155, 723.327393
3156, 724.106934
3157, 724.639465
3158, 724.809021
3159, 724.633606
3160, 724.975647
3161, 724.741943
3162, 725.117981
3163, 725.563965
3164, 725.895935
3165, 726.139526
3166, 727.241394
3167, 727.939087
3168, 729.140015
3169, 730.507202
3170, 730.230225
3171, 730.677979
3172, 731.321289
3173, 730.878418
3174, 731.542419
3175, 731.953552
3176, 732.192261
3177, 732.417480
3178, 732.321472
3179, 732.407166
3180, 733.413757
3181, 732.704895
3182, 733.997253
3183, 733.180786
3184, 733.329956
3185, 733.583374
3186, 733.868225
3187, 733.880310
3188, 734.704468
3189, 734.729309
3190, 734.670288
3191, 735.270081
3192, 726.964722
3193, 737.861511
3194, 738.568726
3195, 738.482117
3196, 739.049500
3197, 739.510193
3198, 739.876831
3199, 740.504089
3200, 741.861572
3201, 740.535095
3202, 742.490051
3203, 741.693115
3204, 743.273560
3205, 743.979065
3206, 743.543884
3207, 743.892456
3208, 744.394348
3209, 744.813416
3210, 745.721252
3211, 745.863586
3212, 746.319275
3213, 747.215576
3214, 746.002502
3215, 746.563232
3216, 747.164307
3217, 747.182434
3218, 747.212463
3219, 747.524963
3220, 747.686584
3221, 747.891479
3222, 747.889954
3223, 748.448242
3224, 748.932861
3225, 749.098999
3226, 749.117981
3227, 750.171631
3228, 751.127930
3229, 752.143127
3230, 752.660950
3231, 752.992859
3232, 752.964539
3233, 752.722778
3234, 753.361389
3235, 753.680298
3236, 754.237366
3237, 754.723511
3238, 755.301147
3239, 755.518372
3240, 755.974304
3241, 756.774109
3242, 756.528809
3243, 757.258789
3244, 757.775818
3245, 758.222351
3246, 758.594788
3247, 759.030518
3248, 759.216919
3249, 760.161987
3250, 760.450867
3251, 760.688477
3252, 761.536743
3253, 762.100403
3254, 762.362610
3255, 763.101196
3256, 763.345886
3257, 763.485413
3258, 763.750427
3259, 764.672668
3260, 764.937622
3261, 765.644104
3262, 765.421997
3263, 765.431885
3264, 768.189209
3265, 769.407104
3266, 769.414307
3267, 769.726257
3268, 769.732605
3269, 770.403931
3270, 770.457397
3271, 771.179871
3272, 771.707642
3273, 771.753601
3274, 772.018616
3275, 772.337524
3276, 773.105042
3277, 773.613403
3278, 773.976318
3279, 774.802795
3280, 774.929260
3281, 774.990356
3282, 775.776855
3283, 775.746277
3284, 776.658875
3285, 776.683777
3286, 777.103271
3287, 777.643372
3288, 772.562195
3289, 780.456726
3290, 781.700989
3291, 781.201843
3292, 780.583923
3293, 780.979919
3294, 782.148132
3295, 782.786316
3296, 783.043335
3297, 783.398682
3298, 784.078064
3299, 784.949280
3300, 784.914124
3301, 784.926453
3302, 786.027222
3303, 785.864441
3304, 786.477722
3305, 786.826843
3306, 787.404175
3307, 788.111145
3308, 788.721069
3309, 788.982056
3310, 789.562561
3311, 790.156982
3312, 791.562317
3313, 792.613037
3314, 792.447693
3315, 792.525696
3316, 792.920776
3317, 793.148804
3318, 793.760132
3319, 794.086914
3320, 794.500732
3321, 794.633911
3322, 795.073242
3323, 795.818176
3324, 796.579224
3325, 797.804871
3326, 797.586914
3327, 798.562622
3328, 798.329224
3329, 798.834839
3330, 799.584534
3331, 800.078247
3332, 800.156372
3333, 800.737915
3334, 801.313110
3335, 801.379089
3336, 803.504639
3337, 804.932068
3338, 805.253479
3339, 805.532715
3340, 806.302551
3341, 806.522339
3342, 806.434326
3343, 809.650146
3344, 807.996826
3345, 808.170959
3346, 808.591797
3347, 809.092590
3348, 808.882446
3349, 810.122070
3350, 811.081787
3351, 811.358337
3352, 812.099548
3353, 812.238708
3354, 812.566040
3355, 813.074402
3356, 813.999390
3357, 813.786316
3358, 814.722595
3359, 815.065063
3360, 816.486328
3361, 816.841187
3362, 817.200378
3363, 817.452820
3364, 817.876343
3365, 818.433655
3366, 818.316650
3367, 818.968445
3368, 819.246460
3369, 819.187683
3370, 819.748657
3371, 820.094177
3372, 821.901611
3373, 823.758179
3374, 823.662659
3375, 823.667114
3376, 824.125122
3377, 824.858704
3378, 825.411072
3379, 825.439026
3380, 826.059448
3381, 826.271667
3382, 825.831177
3383, 826.396179
3384, 818.806702
3385, 829.755920
3386, 830.454956
3387, 878.517029
3388, 843.991882
3389, 834.796143
3390, 833.820435
3391, 833.372009
3392, 834.218628
3393, 834.720642
3394, 834.781921
3395, 835.649048
3396, 836.305542
3397, 836.130493
3398, 835.719788
3399, 835.963562
3400, 836.607239
3401, 837.274109
3402, 838.521240
3403, 838.823608
3404, 839.298401
3405, 839.363037
3406, 840.229309
3407, 840.289673
3408, 842.481934
3409, 842.484558
3410, 843.071533
3411, 842.987000
3412, 844.235352
3413, 844.942444
3414, 845.028198
3415, 845.388245
3416, 845.773132
3417, 846.632446
3418, 867.869324
3419, 848.467957
3420, 849.119385
3421, 849.956116
3422, 851.076904
3423, 851.341248
3424, 852.113708
3425, 852.494019
3426, 853.336853
3427, 853.291077
3428, 854.023438
3429, 854.919434
3430, 855.487915
3431, 855.706421
3432, 857.315735
3433, 857.997559
3434, 858.199585
3435, 859.076782
3436, 859.773804
3437, 859.837830
3438, 860.479675
3439, 861.115295
3440, 862.102783
3441, 863.671631
3442, 864.040833
3443, 864.297363
3444, 866.429260
3445, 867.576721
3446, 867.330688
3447, 867.924744
3448, 868.335083
3449, 868.532227
3450, 869.150330
3451, 869.883301
3452, 870.271240
3453, 870.212463
3454, 874.120667
3455, 870.430176
3456, 871.575989
3457, 872.579285
3458, 872.599182
3459, 872.854797
3460, 873.768494
3461, 874.420288
3462, 874.754517
3463, 875.218872
3464, 875.138123
3465, 875.928772
3466, 877.126831
3467, 877.569458
3468, 878.613831
3469, 879.093445
3470, 879.291077
3471, 880.694214
3472, 880.393127
3473, 881.048218
3474, 881.493591
3475, 881.572021
3476, 882.409485
3477, 882.579590
3478, 883.363220
3479, 883.862061
3480, 877.210083
3481, 886.684998
3482, 893.950012
3483, 886.982910
3484, 887.657471
3485, 899.771240
3486, 890.071411
3487, 889.670776
3488, 890.177856
3489, 890.589966
3490, 890.791016
3491, 891.452454
3492, 893.027466
3493, 893.460571
3494, 894.322754
3495, 894.259521
3496, 894.692322
3497, 895.457703
3498, 896.186523
3499, 895.795959
3500, 896.712646
3501, 897.261475
3502, 898.069153
3503, 898.154907
3504, 899.842957
3505, 901.713867
3506, 901.758179
3507, 901.955872
3508, 902.302673
3509, 902.814697
3510, 903.306396
3511, 903.543091
3512, 904.346375
3513, 904.818481
3514, 905.979858
3515, 905.919617
3516, 905.992188
3517, 906.796753
3518, 908.000366
3519, 908.213135
3520, 909.012146
3521, 909.060059
3522, 909.851868
3523, 910.732422
3524, 910.728943
3525, 912.047302
3526, 913.173950
3527, 914.551208
3528, 916.158447
3529, 915.954956
3530, 916.738159
3531, 917.762085
3532, 918.043457
3533, 918.657104
3534, 919.238708
3535, 920.265991
3536, 920.402954
3537, 921.309387
3538, 921.881836
3539, 922.070007
3540, 922.884888
3541, 923.905457
3542, 923.637512
3543, 924.035278
3544, 924.936646
3545, 925.937988
3546, 926.212524
3547, 926.567688
3548, 926.940247
3549, 927.970032
3550, 928.527588
3551, 929.147705
3552, 929.532654
3553, 930.285645
3554, 930.786011
3555, 931.285217
3556, 931.615112
3557, 932.176636
3558, 933.000671
3559, 933.313354
3560, 934.397217
3561, 935.011902
3562, 936.275146
3563, 936.769592
3564, 937.254089
3565, 938.819641
3566, 939.383667
3567, 941.105103
3568, 940.932800
3569, 941.175293
3570, 943.136780
3571, 942.959961
3572, 943.658081
3573, 944.886597
3574, 944.770386
3575, 945.479004
3576, 946.421692
3577, 946.987427
3578, 947.887390
3579, 948.474609
3580, 948.809143
3581, 949.928711
3582, 950.471313
3583, 951.237122
3584, 951.727905
3585, 952.179504
3586, 952.985840
3587, 953.486694
3588, 954.850708
3589, 955.757690
3590, 956.690247
3591, 956.959473
3592, 957.662476
3593, 958.545837
3594, 958.753540
3595, 959.529297
3596, 959.919495
3597, 960.268494
3598, 961.427856
